rank,ntaname,priority_class,final_score,strategic_potential,roi_months,estimated_monthly_revenue,monthly_profit,safety_margin,revenue_volatility,income_score,transit_score,competition_score,mixed_use_score,subway_score,median_income,daily_pickups,competitor_count,commercial_ratio,subway_ridership
1.0,Sunnyside,Quick ROI,77.56480823197796,68.70641129095515,5.488557813892693,54353.205645477574,27329.583669560423,50.28145689845685,20.945857517343704,54.62625333321854,73.15634218289085,72.5,59.65172873237995,84.85410105607674,95551.50399986225,5075,11,0.29825864366189975,86182.11037272163
2.0,Financial District-Battery Park City,Quick ROI,77.16757811998075,68.08943573727606,5.529124983577334,54044.71786863803,27129.06661461472,50.197443310843205,16.485237330340496,61.3088086357296,81.41592920353983,42.5,68.35721260601899,88.62732923366426,103570.57036287551,5103,23,0.34178606303009496,89569.71900811886
3.0,Todt Hill-Emerson Hill-Lighthouse Hill-Manor Heights,Quick ROI,75.53696974142159,65.56346136963975,5.701660620543405,52781.73068481988,26308.12494513292,49.84324046179711,10.70998726456569,45.93711897835325,95.57522123893806,50.0,68.57832035314374,73.38694662146136,85124.5427740239,5151,20,0.6571083982342814,75886.88581755734
4.0,Sunnyside Yards (North),Quick ROI,74.11323170160765,63.36723931580623,5.8606678318141325,51683.61965790312,25594.352777637025,49.52120797081848,15.008919870769976,61.637407895987586,44.24778761061947,55.00000000000001,77.58605601422603,82.35210708775766,103964.8894751851,4977,18,0.3879302800711302,83935.8172852443
5.0,Glendale,Quick ROI,73.43553548908497,62.325075979022294,5.93926514749262,51162.53798951115,25255.649693182248,49.3635591306278,23.168205542616985,67.78195994077743,75.51622418879056,32.5,63.21751160900795,71.46857207359318,111338.35192893291,5083,27,0.6839124419549603,74164.56692285438
6.0,Upper East Side-Yorkville,Quick ROI,73.42295533600023,62.30575059599636,5.940742532396386,51152.87529799818,25249.36894369882,49.360605433428944,11.952055375320077,64.73214071421725,64.30678466076697,37.5,69.92198616078122,76.36530280585733,107678.5688570607,5045,25,0.6503900691960939,78560.85745528624
7.0,Greenwich Village,Quick ROI,73.33461523053283,62.17006550100672,5.951136105106795,51085.032750503364,25205.271287827185,49.339835820265435,11.594242331270832,66.7248814778354,34.21828908554572,60.0,57.71834358651212,89.93717888230951,110069.85777340247,4943,16,0.2885917179325606,90745.70354231147
8.0,Mount Olivet & All Faiths Cemeteries,Quick ROI,72.95941361470094,61.59419587891208,5.995655868969469,50797.09793945604,25018.113660646428,49.25106881197224,18.614793560861756,94.17019097061706,41.29793510324484,15.0,89.29908130988773,66.98599459562845,143004.22916474048,4967,34,0.5535045934505614,70140.1036626178
9.0,Brownsville,Quick ROI,72.91341392806605,61.52364122173698,6.001156207464207,50761.82061086849,24995.183397064517,49.24012396772242,21.938230518617708,50.24325601751808,59.587020648967545,32.5,80.04010345318389,92.69703784793182,90291.9072210217,5029,27,0.5997994827340806,93223.50812353303
10.0,Ozone Park,Quick ROI,72.61574798518413,61.06732969070381,6.036974743857224,50533.6648453519,24846.882149478733,49.16896929110052,12.473230033550248,48.20387397733768,71.68141592920354,52.5,96.55288434408384,48.48572679458054,87844.64877280522,5070,19,0.48276442172041917,53530.54176751351
11.0,St. George-New Brighton,Quick ROI,72.53793640548373,60.94811934987046,6.046402806657814,50474.059674935226,24808.138788707896,49.15027431611034,27.00451272653728,55.25902780825466,54.27728613569322,62.5,83.57038689296554,56.211735683616624,96310.8333699056,5011,15,0.4178519344648277,60466.96151151862
12.0,Tottenville-Charleston,Quick ROI,72.3188643544263,60.61265463946941,6.073092643883029,50306.3273197347,24699.112757827555,49.09742784609586,12.024423916621522,63.8939822747213,80.8259587020649,17.5,88.65054146871674,58.381930550342965,106672.77872966557,5101,33,0.5567472926564163,62415.36498064499
13.0,Pelham Gardens,Quick ROI,72.27180583591432,60.54062539779747,6.078854104146235,50270.312698898735,24675.70325428418,49.08603493692759,17.952982856419354,42.86563314005759,84.070796460177,52.5,96.7896818729466,39.958027699028435,81438.75976806911,5112,19,0.483948409364733,45874.36362600712
14.0,Bayside,Quick ROI,72.09034299114245,60.26297744041331,6.101165209658295,50131.48872020665,24585.467668134326,49.041966029276495,19.766714970305408,61.157617503762474,69.32153392330383,40.0,88.98067982604692,48.81082152952441,103389.14100451497,5062,24,0.4449033991302346,53822.41219770895
15.0,Claremont Park,Quick ROI,71.80596014738622,59.82819389564253,6.136434284998945,49914.096947821265,24444.163016083825,48.97246371428304,26.705919178430943,68.28945926544824,73.15634218289085,55.00000000000001,59.22730128886218,41.202327246864826,111947.3511185379,5075,18,0.7038634935556891,46991.49720364475
16.0,Flatbush,Quick ROI,71.68677795309074,59.6461039496639,6.151326625061403,49823.05197483195,24384.983783640768,48.94317553239976,19.4377666829159,27.903358938337757,94.10029498525073,45.0,70.98950464472682,71.00889760660148,63484.03072600531,5146,22,0.6450524767763659,73751.870653092
17.0,Hoffman & Swinburne Islands,Quick ROI,71.5671646512726,59.463429505412236,6.166339577962104,49731.71475270612,24325.614589258978,48.913685583172686,15.676602072231205,53.63820944644452,53.09734513274337,62.5,99.9461881534395,39.71239947118252,94365.85133573342,5007,15,0.5002690592328025,45653.83831807832
18.0,Rego Park,Quick ROI,71.36532703336746,59.155351110454575,6.191825449357928,49577.67555522729,24225.48911089774,48.86370496315754,13.167104520649461,47.55150865089969,59.587020648967545,57.49999999999999,43.97051984089223,86.27245920901154,87061.81038107963,5029,17,0.21985259920446115,87455.51396795292
19.0,Highbridge Park,Quick ROI,71.07096262769132,58.70642893401325,6.229342099074953,49353.21446700663,24079.58940355431,48.7903162207436,20.829310599847233,42.33861869085423,91.44542772861357,32.5,54.53254060742081,75.76403812231929,80806.34242902508,5137,27,0.727337296962896,78021.04132484084
20.0,Jamaica Bay (West),Quick ROI,71.06185823326814,58.692551590015405,6.230509081111654,49346.27579500771,24075.079266755012,48.788036946834104,28.54181045079055,58.4069353727505,73.15634218289085,40.0,75.56649288178505,50.62287688990923,100088.3224473006,5075,24,0.37783246440892526,55449.27760254176
21.0,Claremont Village-Claremont (East),Quick ROI,71.04574815044234,58.667996936890795,6.232575017538209,49333.998468445396,24067.099004489508,48.784002415460215,16.05801450163453,54.62296884115049,47.78761061946903,27.500000000000004,87.4245739256323,84.20523256932259,95547.56260938059,4989,29,0.5628771303718385,85599.55549252062
22.0,Wakefield-Woodlawn,Quick ROI,70.93501223128348,58.4992532951804,6.24680961873716,49249.6266475902,24012.257320933633,48.756222037489415,22.23267441499038,88.81754401011014,52.8023598820059,52.5,48.97080227485993,39.44387487511348,136581.05281213217,5006,19,0.2448540113742996,45412.756624195266
23.0,Dyker Beach Park,Quick ROI,70.7604489332721,58.23338155631255,6.269370000773128,49116.69077815628,23925.84900580158,48.71225774119569,23.128212962468922,54.636352335483096,94.98525073746312,37.5,59.580465948153225,45.700867163630875,95563.62280257972,5149,25,0.7020976702592339,51030.29155995621
24.0,Freshkills Park (North),Quick ROI,70.69185381298593,58.1289518596621,6.278275954216996,49064.47592983105,23891.909354390184,48.69492418212904,15.328085474338904,56.62212389697451,68.43657817109144,37.5,79.84302103724039,54.04826047807067,97946.5486763694,5059,25,0.39921510518620196,58524.59096199589
25.0,Holy Cross Cemetery,Quick ROI,70.35663438107517,57.618982912525375,6.322133049660074,48809.49145626269,23726.169446570748,48.609745233324844,21.239983542196306,44.40132148757425,56.04719764011799,42.5,88.28455407468216,67.83264950702942,83281.5857850891,5017,23,0.4414227703734108,70900.23142433116
26.0,Calvary & Mount Zion Cemeteries,Quick ROI,70.25970411786065,57.47163895776724,6.334918885199552,48735.81947888362,23678.282661274352,48.5849687446699,28.900504791728693,21.7971632425523,66.3716814159292,55.00000000000001,76.88594193478639,81.07560286862685,56156.59589106276,5052,18,0.3844297096739319,82789.77031635586
27.0,Jamaica Hills-Briarwood,Quick ROI,70.18294615857897,57.35499620274986,6.345077344606414,48677.498101374935,23640.37376589371,48.56530160334179,13.806424860392237,38.71268163429167,52.21238938053098,55.00000000000001,85.72688484138106,66.87657595931793,76455.21796115,5004,18,0.42863442420690534,70041.86748399476
28.0,Fort Greene,Quick ROI,69.66866264726377,56.57434073050726,6.413912686560862,48287.17036525363,23386.660737414863,48.43245226529857,22.911237090165848,70.40026698973732,77.5811209439528,40.0,45.822640108773506,42.923268889831746,114480.32038768478,5090,24,0.22911320054386752,48536.560607273015
29.0,New Dorp-Midland Beach,Quick ROI,69.48046260566309,56.28904152514766,6.439443464138258,48144.520762573826,23293.93849567299,48.383363520321986,13.148869987040879,74.28029667252285,63.421828908554566,27.500000000000004,71.63022287090794,43.950340723349235,119136.35600702743,5042,29,0.6418488856454603,49458.666890975604
30.0,Oakland Gardens-Hollis Hills,Quick ROI,69.3404132757968,56.07686929268945,6.458562449725308,48038.43464634473,23224.982520124075,48.346668019273764,19.85831223687502,51.070651068870795,66.07669616519173,57.49999999999999,62.36102076872426,46.19857088562381,91284.78128264495,5051,17,0.3118051038436213,51477.13053897883
31.0,Tribeca-Civic Center,Quick ROI,69.0986291103766,55.710841523181074,6.491813705298073,47855.42076159053,23106.023495033845,48.28298054288362,29.535196014633478,53.1652715143078,71.68141592920354,25.0,88.86577828710872,48.76686857848554,93798.32581716936,5070,30,0.44432889143554366,53782.95118727368
32.0,Randall's Island,Quick ROI,69.09778562114559,55.709565201765145,6.491930249870243,47854.78260088257,23105.608690573674,48.282757615427016,26.580485407701328,43.68718069235804,79.64601769911505,17.5,84.56566144160998,63.36858636305563,82424.61683082965,5097,33,0.5771716927919501,66892.39035463125
33.0,Elmhurst,Quick ROI,69.09571050575127,55.70642526948649,6.492216983910915,47853.21263474324,23104.58821258311,48.28220915685879,25.434246189701305,44.60733280868008,85.25073746312685,20.0,98.71580784282324,43.48536699133806,83528.79937041609,5116,32,0.5064209607858838,49041.21293493072
34.0,Stuyvesant Town-Peter Cooper Village,Quick ROI,69.07363077113465,55.67301720603896,6.495269328733083,47836.50860301948,23093.730591962663,48.27637147102531,28.036916806395894,38.92839530845891,67.84660766961652,35.0,87.4462200193257,61.27331921051038,76714.07437015069,5057,26,0.5627688999033715,65011.25707422501
35.0,Mapleton-Midwood (West),Quick ROI,68.98520026218748,55.53924519959711,6.507520286356197,47769.62259979856,23050.254689869063,48.25295540427038,15.173406479672543,41.07017252479105,80.23598820058997,32.5,77.20887250194669,55.71586776494675,79284.20702974926,5099,27,0.38604436250973345,60021.770718849264
36.0,Forest Hills,Quick ROI,68.92238040844076,55.444243691144045,6.516248709368511,47722.12184557202,23019.379199621817,48.236286043843855,27.177268357633395,32.84452530571144,81.41592920353983,37.5,51.172055061037504,78.87059132426295,69413.43036685373,5103,25,0.7441397246948125,80810.10839365349
37.0,Oakwood-Richmondtown,Quick ROI,68.83224297336704,55.30797151625146,6.528809904575752,47653.98575812573,22975.090742781726,48.212317138371,22.842937892300977,81.71158743776319,62.83185840707964,42.5,67.45871430299908,18.474479149724385,128053.90492531583,5040,23,0.6627064284850046,26586.40881402698
38.0,Upper West Side (Central),Quick ROI,68.66916586177233,55.061551562110076,6.551647613240583,47530.77578105504,22895.004257685778,48.168799859587686,19.864300926823887,30.790385079048427,94.69026548672566,45.0,53.13943938774839,57.274931434202855,66948.46209485811,5148,22,0.26569719693874194,61421.49988987516
39.0,Astoria (North)-Ditmars-Steinway,Quick ROI,68.52333112440272,54.84132256577879,6.572193622596832,47420.6612828894,22823.429833878112,48.12971649156102,23.587482440530508,76.37030231551576,15.04424778761062,27.500000000000004,86.8280379967794,71.07845864930408,121644.36277861892,4878,29,0.434140189983897,73814.32263793255
40.0,West Farms,Quick ROI,68.45615899626982,54.73992778997505,6.581696516572811,47369.96389498752,22790.47653174189,48.11166118316057,28.341117503282316,56.570877452126545,49.26253687315634,42.5,47.09467249111259,75.90250089322626,97885.05294255185,4994,23,0.7645266375444371,78145.35336120048
41.0,Howard Beach-Lindenwood,Quick ROI,68.2822964861871,54.47761514368415,6.606408900035095,47238.80757184207,22705.224921697347,48.06477150628034,23.366820623929073,48.230160131375996,65.19174041297934,20.0,94.71684189995067,55.871003716258386,87876.1921576512,5048,32,0.5264157905002467,60161.051955919815
42.0,East Flatbush-Remsen Village,Quick ROI,68.20250604939116,54.3572949832773,6.617806410862837,47178.64749163865,22666.120869565122,48.04317646787602,11.69444095333992,31.05807550309969,83.77581120943954,40.0,78.5445550801235,50.27965301797974,67269.69060371963,5111,24,0.6072772245993825,55141.13081212788
43.0,Spring Creek-Starrett City,Quick ROI,68.17671995618711,54.3184192439461,6.621497385270823,47159.20962197305,22653.486254282485,48.03618728106815,28.343870980750292,44.0468194290682,77.28613569321534,37.5,79.23184010419897,42.32355616203069,82856.18331488184,5089,25,0.6038407994790052,47998.1378244888
44.0,Woodhaven,Quick ROI,68.16583967985437,54.3020171170963,6.623055885605105,47151.00855854815,22648.155563056298,48.03323673327947,29.4470660075533,17.961978335101605,70.79646017699115,45.0,85.3957669334271,69.214327289543,51554.37400212193,5067,22,0.5730211653328645,72140.70334044308
45.0,United Nations,Quick ROI,67.96192085814158,53.99474431869069,6.652388599609233,46997.372159345345,22548.291903574474,47.97777166587981,26.48855506835884,69.79030010453207,50.442477876106196,32.5,85.33955456210754,35.78870266510153,113748.36012543848,4998,27,0.4266977728105377,42131.13877345153
46.0,Bay Terrace-Clearview,Quick ROI,67.94863287711252,53.97473052933757,6.654308160735037,46987.365264668784,22541.78742203471,47.97414644354311,17.929240550741746,35.98273098631515,74.04129793510324,60.0,68.54130702524995,39.447960709753204,73179.27718357818,5078,16,0.6572934648737503,45416.42489127505
47.0,Jamaica,Quick ROI,67.94585689773291,53.97054960825207,6.654709300827509,46985.274804126035,22540.428622681924,47.973388932275704,17.260778446918287,53.31185876027641,47.78761061946903,52.5,63.20553917209742,55.52115959237275,93974.23051233169,4989,19,0.31602769586048707,59846.961495619136
48.0,Washington Heights (South),Quick ROI,67.94117280494055,53.96349497491962,6.655386270016835,46981.74748745981,22538.13586684888,47.97211060074909,25.66893691398544,42.71860104887243,30.973451327433626,42.5,90.30039780385415,75.2204738831833,81262.32125864692,4932,23,0.45150198901927074,77533.02872032151
49.0,Castle Hill-Unionport,Quick ROI,67.89816743877273,53.89873178481689,6.661607448176113,46949.365892408445,22517.08783006549,47.960366241509625,19.529958309285014,42.938651503747685,52.50737463126843,42.5,91.97202874018834,51.83394835799015,81526.38180449723,5005,23,0.4598601437009417,56536.57897162494
50.0,The Battery-Governors Island-Ellis Island-Liberty Island,Quick ROI,67.68782683257596,53.58214180115429,6.692187372174916,46791.07090057715,22414.196085375148,47.90272086954667,24.230038187043796,53.97983223006347,56.04719764011799,45.0,48.444382440536835,63.055434247671506,94775.79867607617,5017,22,0.24222191220268416,66611.24202213193
51.0,Prospect Park,Quick ROI,67.63284401783667,53.49943197872907,6.700222754101145,46749.71598936454,22387.31539308695,47.88759657530329,25.675163215024938,65.75500059522548,32.448377581120944,45.0,96.19989968033045,35.70510680824472,108906.00071427057,4937,22,0.48099949840165224,42056.08631618067
52.0,Westerleigh-Castleton Corners,Quick ROI,67.61385585208751,53.47087286261218,6.703001798219695,46735.436431306094,22378.033680348963,47.88236804687003,17.69725715016419,55.53656654521086,74.92625368731564,22.5,79.49359909001234,40.88720312672244,96643.87985425304,5081,31,0.6025320045499383,46708.578402985615
53.0,Carroll Gardens-Cobble Hill-Gowanus-Red Hook,Quick ROI,67.45240659415703,53.22813904533194,6.726715249563197,46614.06952266597,22299.145189732884,47.8377996559386,29.088253647970856,68.03434935253237,45.42772861356932,20.0,98.83603791434304,41.54300148666763,111641.21922303885,4981,32,0.5058198104282848,47297.3549313773
54.0,Inwood Hill Park,Quick ROI,67.32022466621879,53.029533181151294,6.746242863707988,46514.766590575644,22234.59828387417,47.80116060687515,14.855137255798173,43.60567652705586,71.68141592920354,20.0,68.04090499690459,67.92847557005467,82326.81183246704,5070,32,0.3402045249845229,70986.26417488906
55.0,Bedford-Stuyvesant (West),Quick ROI,67.29227885789027,52.98755861821253,6.7503844695558755,46493.77930910626,22220.956550919072,47.7933970546612,14.932987635492838,48.803334241374266,44.24778761061947,32.5,84.71299807546886,63.65108912212371,88564.00108964911,4977,27,0.5764350096226557,67146.02165947178
56.0,South Williamsburg,Quick ROI,67.28026848406313,52.96952061910196,6.752165831097059,46484.76030955098,22215.094201208136,47.790058619800426,24.574692670022124,50.993511210431095,40.41297935103245,42.5,73.77367623460756,62.8624775554828,91192.21345251732,4964,23,0.3688683811730378,66438.00528002373
57.0,Murray Hill-Kips Bay,Quick ROI,67.25767892935953,52.93559663535016,6.755518577775841,46467.79831767508,22204.068906488803,47.78377652991359,25.99739945398821,47.366508971566276,64.89675516224189,55.00000000000001,69.58405073974512,33.38505374524221,86839.81076587953,5047,18,0.6520797463012744,39973.13998457764
58.0,Harlem (South),Quick ROI,67.23254297457017,52.897852501582825,6.759252789569302,46448.92625079141,22191.802063014416,47.776781627188434,24.524546246169763,53.78797649536063,80.53097345132744,42.5,97.40513543638248,1.1694668600990383,94545.57179443276,5100,23,0.4870256771819124,11049.948703768925
59.0,Bay Ridge,Quick ROI,67.22578907093036,52.88771154860575,6.760256787349634,46443.85577430288,22188.506253296873,47.774901293991284,15.869196359597934,76.0891288439362,56.342182890855455,30.0,53.26785481270135,43.03407268772707,121306.95461272344,5018,28,0.26633927406350677,48636.040385573884
60.0,Great Kills-Eltingville,Quick ROI,67.1227260537311,52.733000043106344,6.7756109581990716,46366.500021553176,22138.225014009564,47.74616372535937,12.763711600546001,59.009692928148894,61.06194690265486,27.500000000000004,61.792407626348144,54.99663143292962,100811.63151377867,5034,29,0.6910379618682593,59376.039505533015
61.0,Middle Village,Quick ROI,67.0817841475423,52.671560094388276,6.781727863636019,46335.78004719414,22118.25703067619,47.734724673132085,27.219260703807784,31.986315974209244,39.823008849557525,42.5,54.73586220616306,100.0,68383.5791690511,4962,23,0.7263206889691847,99780.11601628525
62.0,East New York-City Line,Quick ROI,66.94122251898352,52.46070893545219,6.8028042634316925,46230.354467726094,22049.73040402196,47.69535223748958,15.4184160674954,18.582831759974773,58.70206489675516,30.0,92.86370665294535,80.72516009082831,52299.39811196973,5026,28,0.4643185332647268,82475.14238387765
63.0,Hart Island,Quick ROI,66.93048659370282,52.44460976643552,6.804418899237724,46222.30488321776,22044.498174091543,47.69233864427082,26.16671273839271,34.13988100695814,82.00589970501476,35.0,45.330589669855414,68.54435561607359,70967.85720834977,5105,26,0.22665294834927707,71539.201994726
64.0,Melrose,Quick ROI,66.7859175255617,52.22789452831446,6.8262287871404626,46113.94726415723,21974.065721702198,47.65166945225241,27.876469588875498,45.02907511475862,43.067846607669615,52.5,99.01157884384271,35.026598007572346,84034.89013771035,4973,19,0.49505789421921353,41446.92032775631
65.0,Jamaica Bay (East),Quick ROI,66.75585379437287,52.18284525776507,6.8307800404292545,46091.42262888253,21959.424708773644,47.64319141456286,10.626235779147938,41.38446489102975,34.21828908554572,32.5,92.75391088490044,72.89992292581712,79661.3578692357,4943,27,0.5362304455754978,75449.63537858114
66.0,Soundview-Clason Point,Quick ROI,66.73033937526746,52.144617702944934,6.834646869749249,46072.308851472466,21947.000753457105,47.6359906863137,27.143329739838602,43.66917243884533,79.05604719764013,45.0,59.104911990941964,37.7518917753214,82403.0069266144,5095,22,0.7044754400452902,43893.692234226
67.0,Great Kills Park,Quick ROI,66.69096331119286,52.08563021275179,6.840622224687317,46042.81510637589,21927.829819144332,47.62486778552301,29.38842012313529,36.25988841537916,72.56637168141593,42.5,46.66089000048682,65.04125136275394,73511.866098455,5073,23,0.2333044500024341,68394.1109319242
68.0,Crown Heights (North),Quick ROI,66.64539459006076,52.01737881938496,6.8475490523553235,46008.68940969248,21905.64811630011,47.61198025276793,28.704715948994316,45.32704204886817,70.50147492625368,57.49999999999999,48.944894219385596,38.71794594504669,84392.4504586418,5066,17,0.244724471096928,44761.016788585526
69.0,Kew Gardens,Quick ROI,66.4868521601299,51.78002840929686,6.871747328172313,45890.014204648425,21828.509233021476,47.56701345891141,29.166700185892896,49.18301096600487,34.51327433628318,57.49999999999999,83.69145196131083,42.63951503171194,89019.61315920585,4944,17,0.5815427401934459,48281.80606425236
70.0,Alley Pond Park,Quick ROI,66.46446292952243,51.746523736193055,6.875176968290114,45873.261868096524,21817.62021426274,47.56064715214036,28.722281744416613,30.93189073665947,75.51622418879056,32.5,83.06817806660601,49.750397521395875,67118.26888399136,5083,27,0.41534089033303007,54665.964613272314
71.0,Pelham Parkway-Van Nest,Quick ROI,66.4133968548852,51.670117993612536,6.883010911923467,45835.05899680627,21792.788347924077,47.54611169900004,15.598385333869453,76.79553960855272,47.78761061946903,52.5,41.19914855549056,31.16919342128482,122154.64753026326,4989,19,0.7940042572225472,37983.73801496986
72.0,North Corona,Quick ROI,66.40226410346278,51.65346338678946,6.884720892916328,45826.73169339473,21787.375600706575,47.542940104207595,26.66950018552487,35.89371438720617,69.02654867256636,45.0,94.49648568651293,28.501261012488527,73072.4572646474,5061,22,0.5275175715674354,35588.46520311647
73.0,Longwood,Quick ROI,66.347366825729,51.57134941005749,6.893164230458259,45785.674705028745,21760.688558268685,47.527285987288636,25.489160324772584,36.75362418520934,80.53097345132744,40.0,54.42237681995499,50.56696075248212,74104.3490222512,5100,24,0.7278881159002251,55399.07602948787
74.0,Bath Beach,Quick ROI,66.33637803966965,51.554915139146416,6.894856565727292,45777.457569573206,21755.347420222584,47.52414960389294,24.898905955399208,41.8513248959324,56.63716814159292,65.0,94.9285589752776,12.626832202765414,80221.58987511888,5019,14,0.474642794876388,21336.384600824455
75.0,Yankee Stadium-Macombs Dam Park,Quick ROI,66.24599606186308,51.419775919445314,6.908804234706153,45709.88795972266,21711.42717381973,47.49831632261009,22.040797525157554,44.93984523982805,56.932153392330385,52.5,93.34605603393223,21.48237762966193,83927.81428779366,5020,19,0.46673028016966117,29286.90355896699
76.0,St. Albans,Quick ROI,66.23289370394717,51.40018992963822,6.910830380753647,45700.094964819116,21705.061727132426,47.49456591685736,17.36493187614026,39.20571123721505,53.09734513274337,57.49999999999999,78.41194261879893,38.58750850482972,77046.85348465806,5007,17,0.6079402869060053,44643.90990343006
77.0,Mariner's Harbor-Arlington-Graniteville,Quick ROI,66.22801744253445,51.39290097870989,6.911584717037215,45696.450489354946,21702.692818080715,47.49316978817947,23.986663721457138,30.53122425331358,51.32743362831859,55.00000000000001,96.88517936628465,39.80915642387534,66637.4691039763,5001,18,0.5155741031685768,45740.70682245975
78.0,Riverdale-Spuyten Duyvil,Quick ROI,66.21932422701956,51.37990691815203,6.91292988580749,45689.953459076016,21698.46974839941,47.49068034799923,16.2717664745329,29.331080143080047,55.45722713864307,42.5,68.46658946146545,70.92851517716795,65197.296171696056,5015,23,0.3423329473073272,73679.70321468987
79.0,Far Rockaway-Bayswater,Quick ROI,66.19180216425926,51.338772147730886,6.917191686568912,45669.38607386545,21685.100948012543,47.482794957959726,29.533839436273734,51.658286436139086,71.68141592920354,47.5,83.78495448687104,10.100870899123732,91989.9437233669,5070,21,0.4189247724343552,19068.57361188848
80.0,East Flatbush-Farragut,Quick ROI,65.98662168956068,51.03227282079738,6.949113004376614,45516.136410398685,21585.488666759145,47.423815747743674,21.359321770377974,56.90166914825414,46.017699115044245,25.0,70.1579503405422,60.39811579821832,98282.00297790497,4983,30,0.350789751702711,64225.49843529071
81.0,Corona,Quick ROI,65.88443860198127,50.879740950478244,6.965108952458512,45439.87047523912,21535.91580890543,47.39431601293995,15.063962798814662,43.26439165270873,75.81120943952803,32.5,43.33183554543516,59.50812908790092,81917.26998325047,5084,27,0.7833408222728242,63426.46733423823
82.0,Chinatown-Two Bridges,Quick ROI,65.87748853648768,50.869369033180156,6.9661993251306145,45434.684516590074,21532.54493578355,47.39230648321357,13.369483095117001,49.7261894541723,47.49262536873156,37.5,71.4941477035203,53.5758722018136,89671.42734500676,4988,25,0.6425292614823985,58100.480219524965
83.0,East Williamsburg,Quick ROI,65.80477939438025,50.76088206970833,6.97762477116713,45380.441034854164,21497.28667265521,47.371259913812544,17.02935611785403,69.22978867516719,61.06194690265486,42.5,49.27474792950073,26.749166654802263,113075.74641020063,5034,23,0.24637373964750364,34015.43285607096
84.0,Hell's Kitchen,Quick ROI,65.76876204853318,50.70715556486476,6.983296935578511,45353.57778243238,21479.825558581048,47.360818283450214,22.855570859144432,39.57607010599252,52.8023598820059,42.5,95.84651774772075,36.8784419990367,77491.28412719103,5006,23,0.5207674112613963,43109.50801173362
85.0,East Harlem (South),Quick ROI,65.75673745276976,50.689220707852485,6.985192457912625,45344.61035392624,21473.99673005206,47.3573299283907,28.718061123386647,9.99048722741091,61.94690265486725,42.5,90.63992568552993,68.5311475859841,41988.58467289309,5037,23,0.45319962842764966,71527.34380998819
86.0,Douglaston-Little Neck,Quick ROI,65.66711264098475,50.555576301368696,6.999349709754694,45277.78815068435,21430.562297944827,47.33129239136854,21.31303818239323,57.37503673944171,51.32743362831859,45.0,76.48219378944465,27.37000661213927,98850.04408733005,5001,22,0.38241096894722326,34572.82369004358
87.0,Middle Village Cemetery,Quick ROI,65.64660784448188,50.525008509886824,7.002595892175321,45262.504254943415,21420.62776571322,47.32532615751974,29.257459401049353,50.534736411770965,22.123893805309734,57.49999999999999,41.729958567509144,78.53525930377882,90641.68369412515,4902,17,0.7913502071624543,80509.04691662308
88.0,East Village,Quick ROI,65.5788456262989,50.424012413824286,7.01334273299351,45212.00620691214,21387.804034492892,47.30558501786427,23.965168207448517,16.863826559777323,70.50147492625368,55.00000000000001,48.46913365591643,69.18695370120881,50236.59187173279,5066,18,0.7576543317204179,72116.12730107883
89.0,Whitestone-Beechhurst,Quick ROI,65.50583898789826,50.315236500826124,7.024954368896138,45157.61825041306,21352.451862768492,47.28427381701687,10.173700868000283,47.35911717861551,54.86725663716814,52.5,89.91183476979245,17.57615331634875,86830.94061433861,5013,19,0.44955917384896227,25779.890838618074
90.0,Upper West Side-Manhattan Valley,Quick ROI,65.48957876554141,50.29101485650525,7.0275452225425985,45145.507428252626,21344.579828364207,47.279521361646054,19.835797535260348,54.44827536186813,47.1976401179941,45.0,77.08389928354605,33.38416549953744,95337.93043424175,4987,22,0.3854194964177302,39972.342516553384
91.0,Astoria (East)-Woodside (North),Quick ROI,65.46755617251662,50.258212463947025,7.031056958777398,45129.106231973514,21333.919050782784,47.27308123746514,22.629964540234976,51.17820017987146,54.86725663716814,50.0,97.94596238488182,8.991583669066307,91413.84021584575,5013,20,0.5102701880755909,18072.654249789088
92.0,McGuire Fields,Quick ROI,65.26784348166365,49.960902434462554,7.063046968520818,44980.451217231275,21237.29329120033,47.214495889860416,11.180489125393372,12.579028664986023,29.49852507374631,52.5,82.06168596068402,90.5359367968209,45094.83439798323,4927,19,0.5896915701965799,91283.2690926165
93.0,Cunningham Park,Quick ROI,65.21837875496944,49.88730951072809,7.071010427201112,44943.65475536404,21213.375590986627,47.19993446562065,26.519367866784417,44.95390334058924,56.932153392330385,47.5,77.66222072889137,30.56534943890496,83944.68400870709,5020,21,0.6116888963555431,37441.606187031866
94.0,Hollis,Quick ROI,65.1346973047552,49.762850036925215,7.084519076099878,44881.42501846261,21172.926262000696,47.17525402388831,20.28806379407201,85.72205347236476,0.0,37.5,88.42725721878453,37.84124043008173,132866.46416683772,4827,25,0.4421362860939227,43973.90956012881
95.0,Norwood,Quick ROI,65.11284921353649,49.730363783785826,7.088053585102512,44865.18189189291,21162.368229730393,47.168800698776195,19.47261028615203,57.680103969435194,49.852507374631266,15.0,52.62819008886901,72.22803901585209,99216.12476332224,4996,34,0.26314095044434505,74846.41722471977
96.0,Ferry Point Park-St. Raymond Cemetery,Quick ROI,65.09119535744193,49.69816979243343,7.091559777027202,44849.084896216715,21151.905182540864,47.162400819297766,25.921096578189484,45.91772618363621,63.421828908554566,35.0,94.39182928506847,21.87799036026597,85101.27142036345,5042,26,0.47195914642534237,29642.085127478487
97.0,West New Brighton-Silver Lake-Grymes Hill,Quick ROI,64.99653188362655,49.557468780106156,7.106924076655716,44778.73439005308,21106.177353534506,47.13437671034964,25.772461013548988,48.02056831209286,60.17699115044248,37.5,42.82812677209273,57.963547280902674,87624.68197451143,5031,25,0.7858593661395363,62039.73999594877
98.0,Madison,Quick ROI,64.95676502388045,49.49838185244543,7.113396131380214,44749.19092622271,21086.974102044765,47.12258180669798,20.553036599791355,44.251749362391564,44.83775811209439,40.0,62.07423830290364,60.7837857199656,83102.09923486988,4979,24,0.3103711915145182,64571.75333847534
99.0,Eastchester-Edenwald-Baychester,Quick ROI,64.95014748467904,49.48855042502579,7.114474155504673,44744.2752125129,21083.778888133384,47.12061775053008,10.066985138050779,38.75479604043805,53.09734513274337,22.5,43.656800982322174,90.65931120509639,76505.75524852566,5007,31,0.21828400491161087,91394.03477950062
100.0,Brooklyn Heights,Quick ROI,64.87029735036137,49.369945652159736,7.127505061401723,44684.97282607987,21045.232336951918,47.09688963863285,24.15210276518162,32.62180469326384,44.83775811209439,37.5,93.33633951661639,53.732459644662164,69146.1656319166,4979,25,0.4666816975830819,58241.06460738134
101.0,Canarsie,Quick ROI,64.85796331773426,49.351629607853646,7.129521670466887,44675.81480392683,21039.27962255244,47.09321970934299,13.784856185920775,33.63210465283714,43.657817109144545,37.5,64.85099539295219,74.9219535693631,70358.52558340457,4975,25,0.3242549769647609,77265.01683624156
102.0,College Point,Quick ROI,64.81545351436861,49.2885111926267,7.136479801811111,44644.25559631335,21018.766137603678,47.080561332821,27.355017940475,52.37501029358525,55.16224188790561,35.0,42.527757331974044,58.915733209265795,92850.01235230229,5014,26,0.7873612133401298,62894.61362712393
103.0,Sunset Park (Central),Quick ROI,64.58432901201957,48.9455745060725,7.174523537435905,44472.78725303625,20907.311714473562,47.011471521938795,27.135812157287305,26.158693239058696,61.35693215339233,55.00000000000001,69.13097881361357,43.824339717936596,61390.431886870436,5035,18,0.3456548940680678,49345.54304213445
104.0,North & South Brother Islands,Quick ROI,64.57601148587534,48.93324064736155,7.175899353812388,44466.62032368078,20903.303210392507,47.008976752074894,27.580970221066544,70.09674282945846,50.14749262536873,30.0,59.353458486571675,32.38268820968716,114116.09139535016,4997,28,0.2967672924328584,39073.21504384906
105.0,Upper West Side-Lincoln Square,Quick ROI,64.56194140335218,48.91237764951936,7.178227779539154,44456.18882475968,20896.522736093793,47.00475521746832,22.759309689281793,21.182223076328395,17.99410029498525,67.5,78.0865994879548,74.02505949123493,55418.66769159408,4888,13,0.390432997439774,76459.78429235489
106.0,Washington Heights (North),Quick ROI,64.51136275426634,48.83739240859708,7.186609036337866,44418.69620429854,20872.15253279405,46.98956591790775,12.838403198588681,44.717671031186995,24.778761061946902,37.5,53.78743375761682,85.67053687384217,83661.2052374244,4911,25,0.2689371687880841,86915.10739710992
107.0,Lower East Side,Quick ROI,64.34101864352638,48.58499190381231,7.214964748141503,44292.49595190615,20790.122368739,46.93824974621754,10.771364282760786,83.13449220437454,20.64896755162242,22.5,55.08684474520757,54.54274315306527,129761.39064524946,4897,31,0.7245657762739621,58968.538081286475
108.0,Parkchester,Quick ROI,64.27920996605908,48.49346408074831,7.2253027235848455,44246.732040374154,20760.375826243202,46.91956867526358,27.262742955285393,37.60653034671793,51.91740412979351,40.0,73.26937513119552,48.589721992153976,75127.83641606152,5003,24,0.6336531243440224,53623.908776546305
109.0,Barren Island-Floyd Bennett Field,Quick ROI,64.17728479190406,48.34259474208017,7.242408080016066,44171.297371040084,20711.343291176054,46.88869135357337,15.049548293632167,35.99978913374304,74.33628318584071,35.0,62.52948737811155,40.47983857379766,73199.74696049166,5079,26,0.31264743689055774,46342.84603476053
110.0,Borough Park,Quick ROI,64.17605915945204,48.34078105076602,7.242614206511356,44170.39052538301,20710.753841498958,46.88831951711473,20.52807771145634,41.601275747273405,78.17109144542773,45.0,53.2289586718879,26.60950012039467,79921.53089672809,5092,22,0.2661447933594395,33890.0400794439
111.0,SoHo-Little Italy-Hudson Square,Quick ROI,64.1159287420371,48.25181426861486,7.252739728697732,44125.90713430743,20681.839637299832,46.87006110571247,25.093622155662793,18.554428025109605,51.32743362831859,32.5,81.46408973379982,73.14053538301881,52265.313630131524,5001,27,0.4073204486689991,75665.65752180645
112.0,Pelham Bay-Country Club-City Island,Quick ROI,64.06934787507205,48.182914118439584,7.26060089398756,44091.45705921979,20659.447088492867,46.85589560069403,16.295516333960812,30.36011423902563,55.75221238938053,27.500000000000004,91.48171517497583,51.100929022803484,66432.13708683076,5016,29,0.5425914241251208,55878.47336207255
113.0,Marine Park-Mill Basin-Bergen Beach,Quick ROI,64.00025976474993,48.08075333022728,7.272288350079677,44040.37666511364,20626.244832323868,46.83485109395725,23.238678902292797,27.517203378223126,72.27138643067846,22.5,93.26489513001118,41.287204650170644,63020.64405386775,5072,31,0.4663244756500559,47067.700234804324
114.0,Flatbush (West)-Ditmas Park-Parkville,Quick ROI,63.93565128895145,47.98525018653147,7.283248234451142,43992.625093265735,20595.20631062273,46.81513382518149,29.376538460495606,59.52337971289408,32.448377581120944,55.00000000000001,54.631873052175884,37.09974392128688,101428.0556554729,4937,18,0.2731593652608794,43308.193134276094
115.0,Rosebank-Shore Acres-Park Hill,Quick ROI,63.89006253172248,47.917881267921736,7.29099934354585,43958.94063396087,20573.311412074567,46.80119929045895,14.160558691507347,35.109657469439604,63.12684365781711,50.0,71.54467739649905,28.916982797617795,72131.58896332752,5041,20,0.3577233869824953,35961.7007041105
116.0,Cypress Hills,Quick ROI,63.848675559088036,47.85673563289614,7.298048730974479,43928.367816448066,20553.439080691245,46.78853347470706,22.817113556208515,1.5642118226451507,84.66076696165192,52.5,85.804661971917,35.8141499455846,31877.05418717418,5114,19,0.570976690140415,42153.98537139221
117.0,Gravesend (South),Quick ROI,63.84860045519121,47.8566246856553,7.298061534302962,43928.312342827645,20553.40302283797,46.78851047687428,13.492726945062849,35.09066078357833,47.78761061946903,57.49999999999999,60.90952414033532,44.45004372408305,72108.79294029399,4989,17,0.6954523792983234,49907.30082477128
118.0,Tompkinsville-Stapleton-Clifton-Fox Hills,Quick ROI,63.803172464035185,47.7895242934201,7.305813168025304,43894.762146710054,20531.595395361535,46.77459084238458,29.424935902845565,20.98915128265207,47.1976401179941,35.0,72.79102289405735,75.92027507524831,55186.98153918248,4987,26,0.6360448855297133,78161.31104244082
119.0,Fresh Meadows-Utopia,Quick ROI,63.75933508745089,47.724788736389144,7.313307231573892,43862.39436819457,20510.55633932647,46.7611415992353,11.706876251559928,19.086303412476397,71.68141592920354,30.0,92.2614717930372,43.888544642368764,52903.564094971676,5070,28,0.461307358965186,49403.18629777782
120.0,South Richmond Hill,Quick ROI,63.73751762988927,47.69257608992827,7.3170420361015385,43846.28804496414,20500.08722922669,46.754441808629174,25.674377665341094,59.45420941739382,55.16224188790561,32.5,45.87355731906149,42.07770880069733,101345.05130087258,5014,27,0.7706322134046926,47777.41577826073
121.0,Flushing Meadows-Corona Park,Quick ROI,63.73320133420603,47.68620368838694,7.3177813182392075,43843.10184419347,20498.016198725756,46.753115852911506,24.371828878800265,82.16550186094427,35.39823008849557,37.5,49.222432633289735,25.909086552291445,128598.60223313313,4947,25,0.7538878368335513,33261.20796540702
122.0,Marine Park-Plumb Island,Quick ROI,63.69277917124934,47.62653320967889,7.324711131836983,43813.266604839446,20478.62329314564,46.74069038916092,29.082178908131972,14.451354708207745,50.14749262536873,45.0,78.71079444651458,65.8878842028801,47341.625649849295,4997,22,0.39355397223257294,69154.21887802143
123.0,Forest Park,Quick ROI,63.67798489348958,47.60469738899633,7.327250309862328,43802.34869449816,20471.526651423806,46.736139183319985,10.383020293860547,50.7066462982919,59.882005899705014,32.5,42.7370953891038,50.20535163058392,90847.97555795028,5030,27,0.21368547694551895,55074.4229403222
124.0,Williamsburg,Quick ROI,63.64489571967161,47.555865234662164,7.332935131688531,43777.932617331084,20455.656201265207,46.72595295915617,29.48966188872913,34.61949372560032,24.48377581120944,27.500000000000004,94.05463277863295,71.98020862112628,71543.39247072038,4910,29,0.5297268361068352,74623.91480881133
125.0,Mott Haven-Port Morris,Quick ROI,63.47285469857978,47.30211179596971,7.362618568503063,43651.05589798486,20373.18633369016,46.6728373794749,17.54302667520431,24.060005112393245,99.70501474926253,35.0,51.37235897855354,33.201268606179326,58872.006134871895,5165,26,0.2568617948927677,39808.13747350629
126.0,East Flatbush-Erasmus,Quick ROI,63.401511152467805,47.19695236783714,7.374990402351726,43598.47618391857,20339.009519547068,46.65073484162085,12.074576214378805,58.979156718665635,66.3716814159292,37.5,70.6068106404164,5.434026544612163,100774.98806239877,5052,25,0.35303405320208203,14878.675336108536
127.0,Shirley Chisholm State Park,Quick ROI,63.34894451535202,47.11949601344745,7.384129639074684,43559.74800672373,20313.836204370422,46.63442084475523,18.89501200065594,45.03408385515904,49.852507374631266,55.00000000000001,56.823017851327315,31.835104485161704,84040.90062619085,4996,18,0.2841150892566366,38581.593740683806
128.0,Springfield Gardens (North)-Rochdale Village,Quick ROI,63.33291650680037,47.0958833485187,7.386920253466267,43547.941674259346,20306.162088268575,46.62944173150507,19.488194174822972,27.388259420227012,63.12684365781711,50.0,48.24678238051723,51.93216202410469,62865.91130427241,5041,20,0.7587660880974139,56624.75531500642
129.0,St. Michael's Cemetery,Quick ROI,63.32614424394952,47.08590698784826,7.388099923139155,43542.95349392413,20302.919771050685,46.62733724271529,25.024652679217834,20.40245170100603,22.123893805309734,47.5,82.61182590741696,78.34370707711132,54482.942041207236,4902,21,0.4130591295370848,80337.07110528921
130.0,Gravesend (East)-Homecrest,Quick ROI,63.27653189540379,47.01283330421299,7.396752130685999,43506.41665210649,20279.17082386922,46.611907815872364,20.2850944353102,0.7699967632763765,87.61061946902655,25.0,48.032592542601925,85.46660669099145,30923.99611593165,5124,30,0.24016296271300963,86732.01864235433
131.0,Calvert Vaux Park,Quick ROI,63.242504151461844,46.96272558653307,7.402696800686989,43481.36279326653,20262.88581562325,46.60131264046106,17.781573103033267,22.503245658443568,66.96165191740413,45.0,53.53561148681658,54.57121032709431,57003.89479013228,5054,22,0.7323219425659171,58994.09594315631
132.0,Fordham Heights,Quick ROI,63.06470422905757,46.701058496310544,7.433896303093138,43350.529248155275,20177.84401130093,46.54578470263907,28.006260316062278,27.046728258655488,75.81120943952803,30.0,68.41652766069032,42.5732769731876,62456.073910386585,5084,28,0.6579173616965484,48222.33745846228
133.0,Kew Gardens Hills,Quick ROI,62.92962635815467,46.50243800941119,7.457754671238071,43251.21900470559,20113.292353058634,46.50341150123508,10.150576976492548,41.10793595523295,56.04719764011799,45.0,53.52967382819727,39.932817091748824,79329.52314627955,5017,22,0.7323516308590137,45851.729513543076
134.0,Sunnyside Yards (South),Quick ROI,62.92661294668184,46.49800875620027,7.458288460557486,43249.00437810014,20111.85284576509,46.50246435718891,23.544949799830032,32.38774758327354,55.16224188790561,45.0,93.50258482243808,21.71617879717526,68865.29709992824,5014,22,0.4675129241121904,29496.810518407885
135.0,Midwood,Quick ROI,62.895811566821045,46.45273974303883,7.463748418503387,43226.36987151942,20097.140416487622,46.492778542870504,12.911348990668781,44.65871436600962,53.98230088495575,37.5,57.295711397964496,41.98622132425302,83590.45723921154,5010,25,0.7135214430101775,47695.27821576866
136.0,Old Astoria-Hallets Point,Quick ROI,62.845939013209616,46.3794583086148,7.472603957938897,43189.729154307395,20073.323950299808,46.47707763709803,17.037344980980293,47.371519185662244,28.908554572271388,37.5,90.04486719673076,38.740687591176744,86845.82302279469,4925,25,0.5497756640163461,44781.4342648651
137.0,Westchester Square,Quick ROI,62.79884225038735,46.31027446058459,7.480983638945104,43155.1372302923,20050.839199689995,46.46223019218097,21.009988484693014,8.01310954061637,73.74631268436578,35.0,97.15006039824186,39.92612739410533,39615.73144873964,5077,26,0.5142496980087907,45845.72349523761
138.0,Jackson Heights,Quick ROI,62.711820399102756,46.18249024865211,7.496510625132771,43091.24512432606,20009.30933081194,46.43474393251217,23.804813184417966,18.968449382801598,43.36283185840708,65.0,94.13884328387674,28.23492519344392,52762.13925936192,4974,14,0.5293057835806163,35349.348595785304
139.0,Crotona Park,Quick ROI,62.50389785916534,45.877430009514995,7.533840219815487,42938.7150047575,19910.164753092373,46.36879503936338,20.56265696479331,31.270680198627765,17.699115044247787,50.0,72.02565993072845,68.58043980699613,67524.81623835332,4887,20,0.6398717003463578,71571.59842319979
140.0,Fort Totten,Quick ROI,62.373259569715366,45.6859461884378,7.557462215020976,42842.973094218905,19847.93251124229,46.32715957315415,19.821028890453213,41.96028633604592,51.32743362831859,40.0,52.51813076957295,45.26334131663333,80352.3436032551,5001,24,0.26259065384786473,50637.48034692058
141.0,Woodside,Quick ROI,62.367709508538795,45.67781435900119,7.558468660292878,42838.907179500595,19845.289666675388,46.32538730159722,22.297793890362875,77.01652047195724,46.312684365781706,10.0,47.57637286144201,40.123457193196174,122419.82456634869,4984,36,0.76211813569279,46022.88641779607
142.0,Bensonhurst,Quick ROI,62.316817095024746,45.60326011666309,7.567708462459663,42801.630058331546,19821.059537915506,46.30912306588015,28.8451194529459,12.065757292270368,82.59587020648968,55.00000000000001,70.00365134127512,22.835495255531445,44478.90875072444,5107,18,0.35001825670637554,30501.734133309445
143.0,Green-Wood Cemetery,Quick ROI,62.27791119558735,45.54628026521938,7.574785445316413,42773.14013260969,19802.5410861963,46.29667362462149,23.919124026433956,39.8108872856222,57.52212389380531,45.0,86.55790211286003,10.527241740618802,77773.06474274665,5022,22,0.4327895105643002,19451.369848042366
144.0,Breezy Point-Belle Harbor-Rockaway Park-Broad Channel,Quick ROI,62.230548427212355,45.47693231477799,7.58341644248166,42738.46615738899,19780.003002302845,46.28149950318961,24.641215308929617,42.009553949624475,49.26253687315634,42.5,71.91824627256374,29.171497559280198,80411.46473954937,4994,23,0.6404087686371813,36190.20435240958
145.0,Bellerose,Quick ROI,62.14986154610102,45.35883590452315,7.5981599949193,42679.417952261574,19741.621668970023,46.25560191812297,14.995665891725627,51.797087299469034,24.778761061946902,60.0,61.11147950122353,31.435449710414886,92156.50475936284,4911,16,0.6944426024938823,38222.78322025149
146.0,Dyker Heights,Quick ROI,62.0823972106098,45.26013550057892,7.61052613460633,42630.067750289454,19709.544037688145,46.23390268375616,10.212041058013195,37.218807817959714,66.66666666666666,12.5,87.87950517721762,34.70087218086507,74662.56938155166,5053,35,0.5606024741139118,41154.48330264351
147.0,LaGuardia Airport,Quick ROI,62.04108650762193,45.19971728330175,7.618115793538689,42599.85864165088,19689.90811707307,46.22059496183818,14.331469470218444,23.924992758212145,69.32153392330383,22.5,70.74764503020464,51.21007777278628,58709.99130985457,5062,31,0.35373822515102316,55976.46723643743
148.0,Upper East Side-Carnegie Hill,Quick ROI,61.96985171361404,45.09556884060306,7.631234386121689,42547.78442030153,19656.059873195994,46.19761085330961,26.039482190746906,42.238748637586035,25.663716814159294,20.0,86.63966415698225,62.03594347413678,80686.49836510324,4914,32,0.4331983207849113,65695.94202287713
149.0,Midtown-Times Square,Quick ROI,61.95514759025814,45.07407624071328,7.6339472312547345,42537.038120356636,19649.074778231814,46.192860731477445,20.29774775794135,5.194511852788904,63.716814159292035,62.5,44.2237719294853,59.49259828117428,36233.414223346685,5043,15,0.7788811403525735,63412.52375794079
150.0,Canarsie Park & Pier,Quick ROI,61.89254202374587,44.98258852057082,7.645516632894941,42491.29426028541,19619.341269185516,46.17261396888722,27.604124719553752,54.42762129987913,51.62241887905604,25.0,73.11851549561842,25.41711047723534,95313.14555985495,5002,30,0.6344074225219078,32819.51127444928
151.0,Astoria Park,Quick ROI,61.86424287987941,44.94124519979547,7.650756359996799,42470.62259989773,19605.904689933526,46.16345014443169,17.993253364428302,57.57033602592336,28.31858407079646,32.5,51.41437942631861,53.363937326037714,99084.40323110804,4923,27,0.25707189713159306,57910.204842174404
152.0,Bushwick (East),Quick ROI,61.845993744921415,44.914588038937666,7.654138617661791,42457.294019468834,19597.241112654745,46.1575368031425,11.974519096976211,42.54088065762571,38.64306784660767,22.5,41.113397829063956,79.41872315425051,81049.05678915085,4958,31,0.7944330108546802,81302.2217865385
153.0,Upper East Side-Lenox Hill-Roosevelt Island,Quick ROI,61.78927235058208,44.831751690627954,7.6646679956920405,42415.875845313974,19570.319299454084,46.13913755034761,25.92322050017902,11.856993407625934,67.2566371681416,40.0,89.36232521366793,35.05913561521483,44228.39208915112,5055,24,0.5531883739316603,41476.13262964666
154.0,East New York-New Lots,Quick ROI,61.75568538522458,44.782714336488745,7.6709148250030035,42391.35716824437,19554.382159358844,46.12822864281201,13.70988276151781,16.39935165969951,100.0,25.0,42.87960210189499,46.25468053139807,49679.22199163941,5166,30,0.7856019894905251,51527.505844051295
155.0,Maspeth,Quick ROI,61.56929356332796,44.51076085542578,7.7057444248912565,42255.380427712895,19465.997278013383,46.06749976210543,28.899329672305484,54.73298435491716,40.707964601769916,32.5,77.92449087315202,22.4862410768485,95679.58122590059,4965,27,0.38962245436576015,30188.173326496173
156.0,Kingsbridge-Marble Hill,Quick ROI,61.46884333593824,44.36432750055889,7.724629746595646,42182.16375027945,19418.406437681642,46.034638129612304,21.78567308190757,30.67370527921316,31.563421828908556,40.0,71.52868813359943,58.26956797466987,66808.44633505579,4934,24,0.6423565593320029,62314.4857298468
157.0,South Ozone Park,Quick ROI,61.41734466672415,44.28928917767325,7.734343259819706,42144.64458883663,19394.018982743808,46.017754264988966,21.98370419630266,48.22990140018042,84.66076696165192,22.5,58.7631443078557,9.925943945597018,87875.8816802165,5114,31,0.7061842784607215,18911.523990068443
158.0,Park Slope,Quick ROI,61.3280354601483,44.15921374899793,7.751239183875677,42079.60687449896,19351.744468424324,45.98841554328267,12.542291421181272,32.796327073197176,65.78171091445427,40.0,53.49530749551936,33.897468367399384,69355.5924878366,5050,24,0.2674765374775968,40433.18642683476
159.0,Rikers Island,Quick ROI,61.313149187126626,44.13753943347977,7.754061709441852,42068.76971673989,19344.700315880928,45.983518049455434,17.106283121980326,53.897595911301075,26.253687315634217,20.0,79.04530493427508,47.77803626193198,94677.1150935613,4916,32,0.3952265246713754,52895.17638626537
160.0,Pomonok-Electchester-Hillcrest,Quick ROI,61.28760733752226,44.100355319319135,7.758908781103828,42050.17765965957,19332.61547877872,45.97511010595629,18.863862193376477,45.52744541101744,35.9882005899705,32.5,58.638393232502274,51.12547431847667,84632.93449322092,4949,27,0.29319196616251136,55900.51015700448
161.0,East New York (North),Quick ROI,61.28420859714532,44.09540783791531,7.759554158405799,42047.70391895765,19331.007547322475,45.973990838074954,16.44415896138958,25.785676474146403,20.058997050147493,50.0,73.92006478374009,62.745897958940986,60942.811768975684,4895,20,0.36960032391870046,66333.33998299717
162.0,Glen Oaks-Floral Park-New Hyde Park,Quick ROI,61.2255529082144,44.01004030540361,7.770706912541644,42005.02015270181,19303.263099256175,45.95465739352721,12.76799505685145,0.0,72.86135693215338,25.0,64.2826602751251,73.9768493885208,30000.0,5074,30,0.6785866986243745,76416.50120620658
163.0,Hamilton Heights-Sugar Hill,Quick ROI,61.13616061127264,43.87999860568176,7.787757828204619,41939.99930284088,19260.99954684657,45.92513082264618,20.55007976354737,42.91422488017548,5.899705014749262,32.5,87.70123433460233,61.581581162488455,81497.06985621058,4847,27,0.5614938283269884,65288.01501234499
164.0,Queensboro Hill,Quick ROI,61.11692568956467,43.852026466908754,7.79143528587089,41926.013233454374,19251.908601745345,45.91876765039874,25.94444244607081,28.197605165270396,45.42772861356932,45.0,46.60525552266819,58.631455622385275,63837.12619832448,4981,22,0.23302627761334094,62639.3888798143
165.0,Queens Village,Quick ROI,61.05959927835981,43.76868025817175,7.802413314814849,41884.340129085875,19224.82108390582,45.89978265064146,18.987418058451347,3.901752683548924,53.09734513274337,45.0,63.879333793218265,67.95936495876553,34682.10322025871,5007,22,0.6806033310339087,71013.9967039104
166.0,Montefiore Cemetery,Quick ROI,61.01492730005312,43.7037529837978,7.810986735338349,41851.8764918989,19203.719719734287,45.88496700608268,13.831640005744886,22.59783939041733,17.699115044247787,60.0,84.46145379418536,49.22626029108053,57117.4072685008,4887,16,0.4223072689709268,54195.39359981065
167.0,Manhattanville-West Harlem,Quick ROI,60.99236306665297,43.67096455268018,7.815323497432707,41835.48227634009,19193.063479621058,45.87747633179701,13.399425809428603,41.346538719423,57.52212389380531,47.5,48.145690016907714,25.54025795763607,79615.84646330761,5022,21,0.7592715499154614,32930.07322522419
168.0,Windsor Terrace-South Slope,Quick ROI,60.89591673561819,43.53086959501537,7.8339075320865525,41765.43479750768,19147.532618379995,45.845404725734134,24.945296997587423,38.90683759766508,54.572271386430685,55.00000000000001,67.2345747210743,9.022598550759062,76688.2051171981,5012,18,0.3361728736053715,18100.499446555157
169.0,Richmond Hill,Quick ROI,60.86912823691853,43.49197264069919,7.839083021251478,41745.98632034959,19134.891108227235,45.83648104847794,13.438487433736796,60.0635675661516,28.613569321533923,30.0,80.82246867462723,23.1499829183021,102076.28107938192,4924,28,0.5958876566268638,30784.081521801843
170.0,East Harlem (North),Quick ROI,60.85704841582371,43.474434881829936,7.841418769911376,41737.21744091497,19129.19133659473,45.832454843629314,15.63958052799655,48.3737826170187,50.737463126843664,35.0,58.205278041283634,27.513524480069883,88048.53914042244,4999,26,0.2910263902064182,34701.67419837578
171.0,Arden Heights-Rossville,Quick ROI,60.83046880175208,43.43585073945739,7.846562462883528,41717.92536972869,19116.65149032365,45.82359098852756,28.35752768449169,5.846459042624719,50.737463126843664,55.00000000000001,43.77231018612768,71.30448412756662,37015.75085114966,4999,18,0.21886155093063844,74017.24857454302
172.0,Mount Eden-Claremont (West),Quick ROI,60.816095327094175,43.414988289615366,7.8493464700125735,41707.494144807686,19109.871194124997,45.81879488558066,29.5593630680678,32.9235023367185,63.716814159292035,35.0,47.7078605727913,41.422853938293194,69508.2028040622,5043,26,0.23853930286395647,47189.48632305601
173.0,Bronx Park,Quick ROI,60.803790458869024,43.39712984768255,7.851731174610768,41698.56492384127,19104.06720049683,45.814687472791235,29.658170451842196,36.77683813114077,30.973451327433626,50.0,62.142568396740195,43.434223949498005,74132.20575736892,4932,20,0.31071284198370097,48995.29665263246
174.0,Flushing-Willets Point,Quick ROI,60.72580364537485,43.28397778049112,7.86687453437974,41641.98889024556,19067.292778659612,45.78862174166238,26.378508666850603,55.341641548405676,50.442477876106196,22.5,44.551356358899106,40.88684182166798,96409.96985808681,4998,31,0.22275678179449554,46708.25402288855
175.0,Spring Creek Park,Quick ROI,60.654431040047,43.180471921738985,7.880778169494577,41590.2359608695,19033.653374565172,45.764716008038846,18.034699186037642,100.0,13.864306784660767,35.0,56.05073709871222,0.0,150000.0,4874,26,0.7197463145064389,10000.0
176.0,Tremont,Quick ROI,60.544967889252746,43.02181893877252,7.9021852110161435,41510.90946938626,18982.09115510107,45.72795777722025,14.337670387307394,44.34898145124343,20.64896755162242,47.5,72.79019245942715,36.931255983615515,83218.77774149211,4897,21,0.6360490377028643,43156.92446836129
177.0,Kensington,Quick ROI,60.253838009750524,42.60041263549508,7.959614357319788,41300.20631774754,18845.134106535905,45.62963671791094,20.93769942122703,52.88472041657105,29.793510324483773,62.5,72.8035364430371,0.0,93461.66449988526,4928,15,0.6359823177848145,10000.0
178.0,Ridgewood,Quick ROI,60.24398019792927,42.58615768335016,7.961571618121238,41293.07884167508,18840.501247088803,45.62629325685933,13.467345300187388,37.770872747456394,44.83775811209439,32.5,55.05209804888842,47.09036583366959,75325.04729694767,4979,27,0.2752604902444421,52277.78507796171
179.0,Lincoln Terrace Park,Quick ROI,60.232566285988185,42.56965368207586,7.963838884885998,41284.82684103793,18835.137446674657,45.62242084530717,20.252470594870942,24.986693960024894,60.47197640117994,17.5,49.22205531667969,66.72638307165847,59984.032752029874,5032,33,0.7538897234166015,69907.0241352059
180.0,Central Park,Quick ROI,60.20547244952063,42.53048220472528,7.969225309971819,41265.24110236264,18822.40671653572,45.61322365679342,15.869046503190962,22.617678791117335,72.56637168141593,30.0,87.02796035017273,16.542970590684266,57141.2145493408,5073,28,0.5648601982491364,24852.298188856283
181.0,Cambria Heights,Quick ROI,60.18364564331671,42.498930755201265,7.973569214706089,41249.46537760063,18812.152495440412,45.60580924681712,28.383461419423753,27.668086129386804,55.75221238938053,27.500000000000004,81.6998576467972,33.38244048979439,63201.703355264166,5016,29,0.408499288233986,39970.793800804786
182.0,Laurelton,Quick ROI,60.1723678653761,42.48263010166611,7.975815293435346,41241.31505083306,18806.85478304149,45.60197646428251,23.781281282531424,60.18647077015346,31.268436578171094,30.0,40.30036871513474,45.68634893111656,102223.76492418416,4933,28,0.7984981564243263,51017.257073961344
183.0,Ozone Park (North),Quick ROI,60.066002059038055,42.32895138745847,7.99705316015555,41164.47569372923,18756.909200924,45.56576729041474,20.789006152910012,8.798554834227271,55.45722713864307,40.0,53.08190184149639,65.37790987474288,40558.265801072725,5015,24,0.734590490792518,68696.36333456657
184.0,Hunts Point,Quick ROI,60.00994486239506,42.248003080094975,8.008285478492896,41124.00154004749,18730.601001030867,45.546640160468286,25.08107739346334,69.54242846804102,15.634218289085547,30.0,41.10655561256209,47.847844816916464,113450.91416164923,4880,28,0.7944672219371895,52957.850587919726
185.0,Fort Hamilton,Quick ROI,59.899743254738965,42.08895730220891,8.030446689879579,41044.47865110445,18678.911123217895,45.50894964946831,27.676014355844924,15.464355646752075,63.12684365781711,27.500000000000004,88.81510457059525,33.8761698668409,48557.22677610249,5041,29,0.4440755228529763,40414.06460832362
186.0,New Springville-Willowbrook-Bulls Head-Travis,Quick ROI,59.88473046948275,42.067299599148676,8.033473935009694,41033.64979957434,18671.87236972332,45.50380592739038,22.443184719876037,11.23158428468656,88.79056047197639,30.0,88.18165771655163,11.370213880495095,43477.90114162387,5128,28,0.44090828858275816,20208.191213208265
187.0,Allerton,Quick ROI,59.8050792780564,41.95243018510061,8.049568249505947,40976.21509255031,18634.5398101577,45.4764788989639,29.068626672781598,35.94904342153818,47.1976401179941,45.0,49.46247342398705,35.531351462595936,73138.85210584581,4987,22,0.24731236711993526,41900.088565272694
188.0,Soundview Park,Quick ROI,59.77938611338535,41.91538987106172,8.054771713877527,40957.69493553086,18622.50170809506,45.467650797750366,23.21828782132289,32.612768054684445,45.72271386430678,40.0,79.76368174138098,23.265514116610525,69135.32166562133,4982,24,0.6011815912930951,30887.80556567815
189.0,Astoria (Central),Quick ROI,59.7004613234227,41.80164916568236,8.070792263980083,40900.82458284118,18585.53597884677,45.44049213776443,16.51912033993971,12.68117714161149,61.35693215339233,45.0,72.54250025796911,32.39296705452831,45217.41256993379,5035,22,0.6372874987101544,39082.44340267258
190.0,Annadale-Huguenot-Prince's Bay-Woodrow,Quick ROI,59.61666648528005,41.68095719446246,8.087861747096133,40840.478597231224,18546.311088200295,45.4115909637201,29.1958546010173,27.411790148619765,37.46312684365782,57.49999999999999,71.10204670284196,25.850386415748304,62894.14817834372,4954,17,0.3555102335142098,33208.50691471687
191.0,Rosedale,Quick ROI,59.55465568480773,41.59168603749095,8.100533906530273,40795.84301874548,18517.297962184562,45.39015887887391,28.27909771860549,15.046983793139454,34.51327433628318,30.0,88.64970029357282,58.14915088956766,48056.380551767346,4944,28,0.4432485014678641,62206.37513113861
192.0,Williamsbridge-Olinville,Quick ROI,59.49078781931554,41.49978131582035,8.11362145526501,40749.890657910175,18487.428927641613,45.368045482234734,11.188533810852828,36.947627594807976,28.023598820058996,30.0,88.90928204854,36.60881172912777,74337.15311376957,4922,28,0.44454641024270003,42867.433642594355
193.0,University Heights (South)-Morris Heights,Quick ROI,59.405768002080606,41.377502344529205,8.131100106955381,40688.7511722646,18447.68826197199,45.338546233256764,11.70751677017665,26.702703785965674,53.687315634218294,50.0,93.09575514129418,0.0,62043.24454315881,5009,20,0.5345212242935291,10000.0
194.0,Morris Park,Quick ROI,59.29502767386083,41.21833954901045,8.153964083318161,40609.16977450522,18395.960353428396,45.300015872221884,19.10879227863834,41.13703776732998,37.16814159292036,32.5,67.2059149796712,34.597822708216036,79364.44532079597,4953,27,0.33602957489835605,41061.96536654504
195.0,Miller Field,Quick ROI,59.27945116284465,41.19596191417733,8.157188978492616,40597.980957088665,18388.687622107635,45.29458654986844,26.231954301227326,18.18894850878994,58.70206489675516,50.0,74.22259906321712,18.874609740731227,51826.73821054793,5026,20,0.3711129953160856,26945.646522849573
196.0,Long Island City-Hunters Point,Quick ROI,59.222486203817716,41.11414534704005,8.169001506609474,40557.07267352003,18362.09723778802,45.27471049402624,17.071132779845577,46.09960264451038,30.383480825958703,52.5,41.99974692986061,33.56293240620812,85319.52317341245,4930,19,0.7900012653506969,40132.839652761046
197.0,Prospect Lefferts Gardens-Wingate,Quick ROI,59.221847696313624,41.11322846902199,8.169134077649359,40556.614234511,18361.79925243215,45.274487525656106,20.737315849289047,24.96444557855423,39.233038348082594,35.0,75.23542184704044,43.70098063855424,59957.334694265075,4960,26,0.6238228907647978,49234.79111754835
198.0,Inwood,Quick ROI,59.19794433011246,41.078906902261615,8.174099716866765,40539.45345113081,18350.644743235025,45.26613750566771,21.774061731388457,23.332818300448107,42.772861356932154,27.500000000000004,64.30989821222545,57.723226619646695,57999.38196053773,4972,29,0.32154949106112724,61823.97982746205
199.0,Grasmere-Arrochar-South Beach-Dongan Hills,Quick ROI,59.183910654093864,41.05875938912882,8.17701746907514,40529.37969456441,18344.09680146687,45.2612325668707,18.904488905599692,23.888974321381003,0.8849557522123894,40.0,99.67020619009155,59.794968649136784,58666.769185657206,4830,24,0.5016489690495423,63683.992225096394
200.0,Bushwick (West),Quick ROI,59.04428360167391,40.85841202083038,8.206145416236481,40429.20601041519,18278.983906769874,45.21232472896184,10.480227082907218,27.797296800619648,15.634218289085547,47.5,81.98770946949367,44.92043871217151,63356.75616074358,4880,21,0.5900614526525316,50329.621990811895
201.0,Crotona Park East,Quick ROI,59.02402968563658,40.829366666784274,8.210385471650994,40414.68333339214,18269.54416670489,45.20521419404492,18.85855746481567,39.31348058829523,58.70206489675516,45.0,47.16344398832519,15.930334710553284,77176.17670595428,5026,22,0.764182780058374,24302.272984917297
202.0,Snug Harbor,Quick ROI,58.98250056515209,40.769824478119006,8.219091182578975,40384.9122390595,18250.192955388677,45.190621802905504,29.8284637194547,27.605306017480082,68.14159292035397,10.0,86.25627609486739,26.508689877240403,63126.3672209761,5058,36,0.43128138047433695,33799.5325261837
203.0,Woodlawn Cemetery,Quick ROI,58.93339111603696,40.69943681662031,8.229406460902844,40349.71840831016,18227.316965401606,45.17334366736901,16.907635910019426,33.49247990039327,36.57817109144543,37.5,48.93436081014618,50.8526425085549,70190.97588047193,4951,25,0.2446718040507309,55655.561441527374
204.0,Highland Park-Cypress Hills Cemeteries (North),Quick ROI,58.92121028981223,40.681982094038936,8.2319684499167,40340.991047019466,18221.644180562653,45.16905437281996,24.565344231671098,15.189739623726831,56.342182890855455,30.0,82.37691045285413,36.29787021004008,48227.6875484722,5018,28,0.4118845522642707,42588.26998601463
205.0,South Jamaica,Quick ROI,58.88746083588097,40.63362820386136,8.239074129653764,40316.81410193068,18205.92916625494,45.157162270376666,29.833478223057483,21.39947469713392,30.383480825958703,47.5,82.49780532300433,36.66196282967745,55679.3696365607,4930,21,0.5875109733849784,42915.15276233179
206.0,Belmont,Quick ROI,58.689774598991484,40.3506331432353,8.280907930424544,40175.316571617645,18113.95577155147,45.087275763617264,18.012424890986274,26.463329088186693,62.83185840707964,25.0,70.31586948169948,28.105243837588873,61755.99490582403,5040,30,0.3515793474084974,35232.92052404715
207.0,Clinton Hill,Quick ROI,58.64589335258596,40.28787052904461,8.290243447261204,40143.935264522304,18093.5579219395,45.071709593777435,18.291992143763327,53.48822352401893,45.42772861356932,12.5,59.59893378499201,31.952144287886075,94185.86822882271,4981,35,0.29799466892496007,38686.67221135498
208.0,Midtown South-Flatiron-Union Square,Quick ROI,58.5956845576579,40.216082367052564,8.300947293860462,40108.04118352628,18070.226769292083,45.0538750735953,13.02683959159198,27.01092387257918,14.15929203539823,40.0,89.62841211409753,45.93615587356747,62413.10864709502,4875,24,0.44814206057048767,51241.5340367105
209.0,Fort Wadsworth,Quick ROI,58.509932517433455,40.09353574665877,8.319283395842708,40046.76787332939,18030.399117664103,45.02335662816901,11.621381592033925,46.746238086379755,48.96755162241888,27.500000000000004,68.301168016859,14.341453490256056,86095.48570365571,4993,29,0.34150584008429496,22875.773581973477
210.0,John F. Kennedy International Airport,Quick ROI,58.48118422652895,40.05246938458956,8.325446106337182,40026.234692294776,18017.052549991604,45.01310874854777,29.50417535628389,0.0,55.45722713864307,35.0,72.72743930403922,55.25954030627531,30000.0,5015,26,0.6363628034798039,59612.07939703988
211.0,Throgs Neck-Schuylerville,Quick ROI,58.22631991722004,39.68878276814174,8.380424615497521,39844.39138407087,17898.854399646065,44.92189183444707,25.99588501131607,28.73655577572169,30.973451327433626,42.5,75.74613723607531,32.24016486656648,64483.866930866025,4932,23,0.3787306861803766,38945.25742104502
212.0,Jacob Riis Park-Fort Tilden-Breezy Point Tip,Quick ROI,58.146405920644625,39.57488931480307,8.397791502355828,39787.44465740154,17861.839027311,44.89315456449706,12.225276391351356,23.712781983991917,66.07669616519173,27.500000000000004,54.66965348784334,33.654532812951224,58455.3383807903,5051,29,0.7266517325607833,40215.0786042064
213.0,Harlem (North),Quick ROI,58.0055856920618,39.37435910003862,8.428544651942047,39687.17955001931,17796.66670751255,44.84235692557269,27.292097741688227,11.730193523373297,37.75811209439528,50.0,89.31811455324747,27.462355586645565,44076.23222804796,4955,20,0.4465905727662373,34655.73470649518
214.0,Queensbridge-Ravenswood-Dutch Kills,Quick ROI,57.95148549557662,39.29737645219119,8.44041056360714,39648.68822609559,17771.647346962134,44.82278769380664,10.439669733274785,17.194131870264137,55.45722713864307,52.5,61.26075634769932,21.09142302370819,50632.958244316964,5015,19,0.6936962182615034,28935.904060170713
215.0,East Midtown-Turtle Bay,Quick ROI,57.916669215432336,39.24785089776901,8.448061984843603,39623.9254488845,17755.551541774927,44.81017804427245,15.150559292345262,18.345328453462436,10.619469026548673,55.00000000000001,81.36373377519547,46.665324564071746,52014.394144154925,4863,18,0.5931813311240226,51896.18253299967
216.0,Coney Island-Sea Gate,Quick ROI,57.818682524385224,39.108537261290664,8.469659748583767,39554.26863064533,17710.274609919466,44.77462287394725,17.214205150027905,31.22700634188982,20.058997050147493,30.0,94.19998319758645,35.79994393075369,67472.40761026778,4895,28,0.4709999159879322,42141.231194795735
217.0,University Heights (North)-Fordham,Quick ROI,57.732587445828585,38.98621714536061,8.488714262081675,39493.10857268031,17670.5205722422,44.74330132742686,20.903443138309292,48.19307152319492,28.908554572271388,37.5,51.10553173198169,29.952042951551743,87831.6858278339,4925,25,0.7444723413400915,36890.97891115074
218.0,Downtown Brooklyn-DUMBO-Boerum Hill,Quick ROI,57.65182648325566,38.87154940809511,8.506654742402118,39435.77470404755,17633.25355763091,44.713851039982465,25.992092033201075,32.62214673022541,35.39823008849557,5.0,96.73695637065826,40.62911626120452,69146.57607627049,4947,38,0.4836847818532913,46476.867715700835
219.0,Gravesend (West),Quick ROI,57.564627225298864,38.747821010227135,8.526098071256122,39373.91050511357,17593.04182832382,44.68197748872055,15.34420891520984,0.0,49.852507374631266,37.5,93.1080756781509,36.55554091789125,30000.0,4996,25,0.5344596216092455,42819.60704646339
220.0,Springfield Gardens (South)-Brookville,Quick ROI,57.532002042487946,38.70155024438897,8.53339215621815,39350.775122194485,17578.003829426416,44.67003197482667,15.631338775095003,38.839167064488805,66.07669616519173,30.0,50.517638501072646,10.993867350337624,76607.00047738657,5051,28,0.25258819250536324,19870.306861809622
221.0,Kingsbridge Heights-Van Cortlandt Village,Quick ROI,57.49277914013731,38.64593787259665,8.542175375131018,39322.96893629832,17559.929808593908,44.65565618160804,21.271482509308328,22.873893877555158,16.519174041297934,35.0,87.49141568232083,47.49958621300074,57448.67265306619,4883,26,0.5625429215883958,52645.183609287495
222.0,Sunset Park (West),Quick ROI,57.49274185501406,38.64588501584341,8.54218373173798,39322.9425079217,17559.91263014911,44.65564250847103,10.104759113978051,7.817746120552983,65.19174041297934,20.0,97.42627655940336,25.195794595993977,39381.29534466358,5048,32,0.48713138279701684,32620.81361950832
223.0,Greenpoint,Quick ROI,57.419511571342355,38.542100949085196,8.558623497163149,39271.0504745426,17526.18280845269,44.62875985406607,12.269769437872991,47.848211521067356,21.828908554572273,22.5,41.31861838292799,57.582368002323506,87417.85382528082,4901,31,0.7934069080853601,61697.51679741035
224.0,Murray Hill-Broadway Flushing,Quick ROI,57.23479308189563,38.28057901836111,8.600331493681548,39140.289509180555,17441.18818096736,44.5607030496707,11.582713301738314,19.85846420690823,22.71386430678466,40.0,73.26410600183368,48.917871025010356,53830.157048289875,4904,24,0.3663205300091684,53918.52135895108
225.0,The Evergreens Cemetery,Quick ROI,57.176686873834086,38.198392393916,8.613522843773282,39099.196196958,17414.4775280227,44.539221318768654,16.008728707225767,0.0,49.557522123893804,35.0,96.44208980845427,34.1028724893455,30000.0,4995,26,0.48221044904227134,40617.598485820214
226.0,Bedford-Stuyvesant (East),Quick ROI,57.16140348984041,38.17678159739392,8.616998202893912,39088.39079869696,17407.45401915302,44.53356524396321,15.119848625959246,27.845464733073698,47.78761061946903,40.0,57.258154168525046,25.345850824764675,63414.55767968844,4989,24,0.7137092291573748,32755.534275788315
227.0,West Village,Quick ROI,57.15448367924329,38.166997813273134,8.618572513080885,39083.49890663657,17404.27428931377,44.53100355955705,10.308112953851854,8.294769525160815,60.17699115044248,55.00000000000001,85.68518775023186,1.0256451967982563,39953.72343019298,5031,18,0.4284259387511593,10920.825447600932
228.0,Crown Heights (South),Quick ROI,56.938611553211345,37.862053840014994,8.667931126196473,38931.0269200075,17305.167498004874,44.4508374607282,13.552241311915807,31.42304687930674,25.663716814159294,22.5,66.98752984113494,51.62709640593101,67707.65625516808,4914,31,0.33493764920567476,56350.8670490843
229.0,East Elmhurst,Quick ROI,56.89495344303558,37.800446507340105,8.677971692052717,38900.223253670054,17285.145114885538,44.434565329274214,11.179981129674504,20.50395239655337,27.728613569321535,27.500000000000004,70.4239793944543,55.325693925846544,54604.742875864045,4921,29,0.6478801030277285,59671.472193439906
230.0,Baisley Park,Quick ROI,56.86670534251465,37.76059638816569,8.684478735577146,38880.29819408285,17272.193826153853,44.424026122264905,19.551167601282142,32.566279026249816,47.78761061946903,40.0,63.20995966904803,12.90005278676112,69079.53483149978,4989,24,0.6839502016547598,21581.682358116173
231.0,Kissena Park,Quick ROI,56.83858149821877,37.72093068033466,8.690965364973048,38860.46534016733,17259.302471108764,44.41352495403352,25.449165320113444,11.547108776833582,22.123893805309734,45.0,89.31583112607457,40.06000028076567,43856.5305322003,4902,22,0.5534208443696271,45965.91472819562
232.0,Flatlands,Quick ROI,56.73047667689029,37.568545244628496,8.715975704830212,38784.27262231425,17209.777204504266,44.3730822854281,22.961433571049707,57.82385681504915,38.05309734513274,40.0,47.70067551593109,1.7343012222499474,99388.62817805898,4956,24,0.23850337757965545,11557.057649407856
233.0,Rockaway Community Park,Quick ROI,56.28073552904581,36.93604989041158,8.821341607801712,38468.02494520579,17004.216214383763,44.203507298866334,19.058601460033515,38.44941333132945,23.893805309734514,42.5,59.5470065207365,25.564422587609208,76139.29599759534,4908,23,0.7022649673963175,32951.76825804898
234.0,Auburndale,Quick ROI,56.198399360578875,36.820514637025596,8.840864132454731,38410.2573185128,16966.66725703332,44.17223013201686,20.970338680801994,49.393552306107644,6.784660766961652,30.0,64.08629445637008,37.5112511932542,89272.26276732917,4850,28,0.6795685277181496,43677.64484046381
235.0,Highland Park-Cypress Hills Cemeteries (South),Quick ROI,56.034470842919305,36.590729192496944,8.879950008868299,38295.36459624847,16891.986987561508,44.109743217371786,15.470957831949374,8.077006222181426,82.00589970501476,20.0,74.76248083025139,14.77962785705465,39692.40746661771,5105,32,0.37381240415125694,23269.167036838877
236.0,Bedford Park,Quick ROI,56.00255987134567,36.54603580123838,8.887592414096043,38273.01790061919,16877.461635402473,44.09754589833227,22.838443805310234,39.52244894475084,40.41297935103245,17.5,77.83327742330192,17.039180406744496,77426.93873370101,4964,33,0.6108336128834904,25297.795937399354
237.0,Prospect Heights,Quick ROI,55.87516600034537,36.36773506236228,8.918212555608001,38183.86753118114,16819.51389526774,44.04874357353361,21.060514084690972,13.520967137035356,31.858407079646017,45.0,61.73518869215479,41.7776677917551,46225.16056444243,4935,22,0.691324056539226,47508.038612335964
238.0,Morrisania,Quick ROI,55.618717064300284,36.00940809889798,8.980391692557752,38004.70404944899,16703.057632141845,43.94997422005714,19.62964634600449,0.0,47.78761061946903,27.500000000000004,76.58959548692364,47.31723325982813,30000.0,4989,29,0.3829479774346182,52481.46691637
239.0,St. John Cemetery,Quick ROI,55.57023411725512,35.94175536226217,8.99222865015328,37970.87768113108,16681.070492735205,43.931221797974274,27.677688738843298,19.642550907994114,42.772861356932154,2.5,95.84867144105979,37.99622323859123,53571.061089592935,4972,39,0.520756642794701,44113.05330541394
240.0,Chelsea-Hudson Yards,Quick ROI,55.42406843451401,35.737972985239594,9.028073034944626,37868.9864926198,16614.84122020287,43.87453364626196,21.296381249543636,25.702130633275587,54.27728613569322,17.5,53.621482817449696,34.568803385823,60842.5567599307,5011,33,0.2681074140872485,41035.91178523344
241.0,Ocean Hill,Quick ROI,55.159647716145315,35.36999860877411,9.093527173678718,37684.999304387056,16495.24954785159,43.77139406217612,13.193495123001558,23.397458326959192,50.14749262536873,47.5,49.326642705068124,12.960695481001746,58076.94999235103,4997,21,0.7533667864746594,21636.127439360807
242.0,Pelham Bay Park,Quick ROI,54.79838668978098,34.86868991880338,9.184240892251573,37434.34495940169,16332.3242236111,43.62925073571833,13.899927210061128,13.152540882926417,70.20648967551622,20.0,55.46623557162833,26.09660713612142,45783.0490595117,5065,32,0.27733117785814165,33429.564163123985
243.0,Port Richmond,Quick ROI,54.7969723302561,34.86673054886131,9.18459899859103,37433.36527443066,16331.68742837993,43.62869143249458,12.471339972987366,12.493824853004663,37.16814159292036,37.5,57.9707816566049,40.57014384267669,44992.589823605595,4953,25,0.7101460917169755,46423.92220992894
244.0,Sunset Park (East)-Borough Park (West),Quick ROI,54.483472001236166,34.43306584869341,9.264551261969826,37216.532924346706,16190.74640082536,43.50417711864161,17.237257556577624,9.829457314616029,10.029498525073747,42.5,70.23402397498664,54.67349109388328,41795.348777539235,4861,23,0.3511701198749332,59085.92373424179
245.0,Sheepshead Bay-Manhattan Beach-Gerritsen Beach,Quick ROI,54.325933195220216,34.215627862986274,9.305165283857324,37107.81393149313,16120.079055470538,43.44119835577149,16.104850321572272,29.477452491326737,46.902654867256636,22.5,60.660018076771784,19.333655275937453,65372.942989592084,4986,31,0.3033000903838589,27357.7781369253
246.0,Hutchinson Metro Center,Quick ROI,54.04472207024587,33.828313058477676,9.378398647261104,36914.15652923884,15994.201744005248,43.32809753173316,16.993635204115606,0.0,40.41297935103245,47.5,43.913335053694794,48.293584651084856,30000.0,4964,21,0.780433324731526,53358.03632816691
247.0,Van Cortlandt Park,Quick ROI,53.62905325262648,33.25775899525886,9.488403216793273,36628.87949762943,15808.77167345913,43.15931005883555,19.575901259906786,43.78223629861693,12.389380530973451,35.0,84.79609750820758,0.5745459408940093,82538.68355834032,4869,26,0.4239804875410379,10515.8280123015
248.0,Concourse-Concourse Village,Quick ROI,53.33863390098885,32.860530314746974,9.566526431789,36430.26515737349,15679.672352292771,43.040236694843834,22.162892418111248,39.41168284448964,32.15339233038348,0.0,44.73037634635195,49.33687342797537,77294.01941338756,4936,40,0.22365188173175976,54294.702202444096
249.0,Brooklyn Navy Yard,Quick ROI,53.32582141106205,32.84303267992931,9.569997295343306,36421.516339964655,15673.985620977026,43.034961737104425,24.120620225460183,27.719283626355168,14.15929203539823,32.5,53.91408537975334,42.47120279648934,63263.1403516262,4875,27,0.2695704268987667,48130.69514419991
250.0,East Flushing,Quick ROI,52.70480272558468,31.997706000190043,9.74073131179402,35998.85300009502,15399.254450061762,42.77706973058591,26.498166324914557,5.940682819044487,47.78761061946903,32.5,48.301855286680386,36.04867439266527,37128.819382853384,4989,27,0.7584907235665981,42364.54169206779
251.0,Highbridge,Quick ROI,52.55289393474118,31.791769813438215,9.783251929982626,35895.884906719104,15332.325189367417,42.71332279232226,20.504899427043078,0.0,41.88790560471977,37.5,59.19549171620119,35.174324675320406,30000.0,4969,25,0.29597745858100594,41579.54950144751
252.0,Soundview-Bruckner-Bronx River,Quick ROI,52.45209867581814,31.655311381518178,9.811632229639155,35827.655690759086,15287.976198993405,42.670880648595116,25.16037159437797,7.010105247247532,32.743362831858406,55.00000000000001,41.3216908489245,30.77929437997967,38412.12629669704,4938,18,0.7933915457553775,37633.68620333971
253.0,Rockaway Beach-Arverne-Edgemere,Quick ROI,52.402039615352905,31.587595776550497,9.825776775866087,35793.79788827525,15265.968627378912,42.64975925446428,20.38284856767216,22.284028505892987,23.008849557522122,42.5,45.412469218780814,30.51474177877852,56740.83420707159,4905,23,0.7729376539060959,37396.17057105722
254.0,Freshkills Park (South),Quick ROI,52.15938158255041,31.259872157159673,9.894812567618095,35629.936078579834,15159.458451076895,42.54697066434123,27.038478702132792,22.756886132942068,18.58407079646018,32.5,84.93469686473358,13.068159674610428,57308.26335953048,4890,27,0.5753265156763321,21732.608917058646
255.0,Gramercy,Quick ROI,51.884425688018965,30.889587783275037,9.973990472919091,35444.79389163752,15039.11602956439,42.429689605594135,12.959361185468525,15.368672630706145,39.233038348082594,45.0,62.82434432868493,3.8858015333961853,48442.407156847374,4960,22,0.6858782783565753,13488.677124845686
256.0,Co-op City,Quick ROI,51.77658148180126,30.744664230487352,10.005325584736722,35372.33211524368,14992.01587490839,42.38345333314224,10.775061513526742,20.785890224549608,36.283185840707965,22.5,91.12145385940154,0.6166821364906381,54943.06826945953,4950,31,0.5443927307029923,10553.657937593001
257.0,Jamaica Estates-Holliswood,Quick ROI,51.66331736800399,30.59264745803229,10.038406660223078,35296.32372901615,14942.610423860497,42.334750039638216,23.9478126554391,40.702606373865166,31.268436578171094,40.0,41.08872365954519,0.0,78843.1276486382,4933,24,0.794556381702274,10000.0
258.0,Mount Hope,Quick ROI,51.33196616945834,30.14905618539361,10.136201312666744,35074.528092696804,14798.443260252923,42.19142513091786,19.765816430669027,20.656383273058587,17.10914454277286,32.5,41.450122861424134,44.22806514680386,54787.659927670305,4885,27,0.7927493856928793,49708.008200558725
259.0,East Flatbush-Rugby,Quick ROI,50.00603513075772,28.391377101281485,10.54318669501676,34195.68855064074,14227.197557916483,41.605237855781965,17.72612761573751,20.016301599528365,8.849557522123893,47.5,41.915612195412955,29.15024183831334,54019.56191943404,4857,21,0.7904219390229352,36171.12094146544
260.0,Mount Hebron & Cedar Grove Cemeteries,Quick ROI,49.96083342049488,28.33196221630344,10.55751586393078,34165.98110815172,14207.887720298619,41.58489602661735,27.602260514105193,13.688118795195356,51.03244837758112,27.500000000000004,54.824343556020104,4.898956542926806,46425.74255423443,5000,29,0.7258782822198995,14398.288867827083
261.0,Morningside Heights,Quick ROI,49.702691647293896,27.99330741937297,10.639939206494823,33996.653709686485,14097.824911296215,41.46827223550945,15.77994703731157,4.0107659466410945,27.728613569321535,20.0,55.569136584764365,45.547613655668684,34812.919135969314,4921,32,0.7221543170761782,50892.700382708725
262.0,Brighton Beach,Quick ROI,46.30487267763375,23.64678620313894,11.824798566374417,31823.39310156947,12685.205516020156,39.86126016020129,12.803645305616367,6.69745853401193,0.2949852507374631,30.0,51.2966714920591,41.094618978398,38036.950240814316,4828,28,0.2564833574602955,46894.796595256106
